{
	"groups": [
		{
			"title": "JSN_EXTFW_CONFIGURATION_MEDIA_SELECTOR",
			"controls": {
				"enable_media_selector": {
					"type": "radio",
					"inline": true,
					"label": "JSN_EXTFW_CONFIGURATION_GENERAL_ENABLE_MEDIA_SELECTOR",
					"hint": "JSN_EXTFW_CONFIGURATION_GENERAL_ENABLE_MEDIA_SELECTOR_DESC",
					"options": [
						{
							"label": "JNO",
							"value": 0
						},
						{
							"label": "JYES",
							"value": 1
						}
					],
					"default": 0,
					"filter": "uint",
					"class": "row",
					"labelClass": "col-auto",
					"inputClass": "col-auto",
					"data-event-tracking": "change",
					"data-event-category": "Settings: Global Parameters",
					"data-event-action": "Configure General",
					"data-event-label": "General Settings: Enable Media Selector"
				}
			}
		}
	]
}
